feature,importance,fold
NAME_CONTRACT_TYPE,1.0035421290467612,1
FLAG_OWN_CAR,0.5999379078923243,1
FLAG_OWN_REALTY,0.10345577677651646,1
CNT_CHILDREN,0.16512586512641428,1
AMT_INCOME_TOTAL,1.0275128229597688,1
AMT_CREDIT,1.8499579926973337,1
AMT_ANNUITY,2.6703524159365553,1
AMT_GOODS_PRICE,3.8406928430929907,1
REGION_POPULATION_RELATIVE,1.056472243422847,1
DAYS_BIRTH,4.124454160261692,1
DAYS_EMPLOYED,3.342168585367125,1
DAYS_REGISTRATION,1.6621601998254065,1
DAYS_ID_PUBLISH,1.7885836671341677,1
OWN_CAR_AGE,1.0958722588700405,1
FLAG_MOBIL,0.0,1
FLAG_EMP_PHONE,0.019741956430934772,1
FLAG_WORK_PHONE,0.374627711398165,1
FLAG_CONT_MOBILE,0.00559483884259034,1
FLAG_PHONE,0.13844027084687624,1
FLAG_EMAIL,0.025574847010801895,1
CNT_FAM_MEMBERS,0.1730105676056499,1
REGION_RATING_CLIENT,0.14324846247619447,1
REGION_RATING_CLIENT_W_CITY,0.6827153405961409,1
HOUR_APPR_PROCESS_START,0.9263903311479263,1
REG_REGION_NOT_LIVE_REGION,0.03671346912954305,1
REG_REGION_NOT_WORK_REGION,0.07079949100456306,1
LIVE_REGION_NOT_WORK_REGION,0.030247086212637456,1
REG_CITY_NOT_LIVE_CITY,0.2203310493153695,1
REG_CITY_NOT_WORK_CITY,0.010720852263042365,1
LIVE_CITY_NOT_WORK_CITY,0.07601680426836616,1
EXT_SOURCE_1,6.061974368542676,1
EXT_SOURCE_2,11.224822539929058,1
EXT_SOURCE_3,17.265454257384484,1
APARTMENTS_AVG,0.16157141898858046,1
BASEMENTAREA_AVG,0.218857795227339,1
YEARS_BEGINEXPLUATATION_AVG,0.23147596724788427,1
YEARS_BUILD_AVG,0.1249640074310462,1
COMMONAREA_AVG,0.1463904345924712,1
ELEVATORS_AVG,0.08380760647144501,1
ENTRANCES_AVG,0.17172544658183642,1
FLOORSMAX_AVG,0.2966204597313305,1
FLOORSMIN_AVG,0.09599774249628386,1
LANDAREA_AVG,0.24481499962363087,1
LIVINGAPARTMENTS_AVG,0.1282504037185872,1
LIVINGAREA_AVG,0.15660666803870663,1
NONLIVINGAPARTMENTS_AVG,0.15498028370811348,1
NONLIVINGAREA_AVG,0.31284245066140953,1
APARTMENTS_MODE,0.23981377800805784,1
BASEMENTAREA_MODE,0.22027613279566824,1
YEARS_BEGINEXPLUATATION_MODE,0.2244512104252481,1
YEARS_BUILD_MODE,0.18062160992703405,1
COMMONAREA_MODE,0.22216946960352613,1
ELEVATORS_MODE,0.05995493918999756,1
ENTRANCES_MODE,0.1769267890052875,1
FLOORSMAX_MODE,0.16027486934232327,1
FLOORSMIN_MODE,0.04752649436648638,1
LANDAREA_MODE,0.2977103553231528,1
LIVINGAPARTMENTS_MODE,0.1557422662211248,1
LIVINGAREA_MODE,0.21958932939119377,1
NONLIVINGAPARTMENTS_MODE,0.16130958547097365,1
NONLIVINGAREA_MODE,0.2363944795528614,1
APARTMENTS_MEDI,0.20577609142948966,1
BASEMENTAREA_MEDI,0.16056834866689165,1
YEARS_BEGINEXPLUATATION_MEDI,0.23426146505166878,1
YEARS_BUILD_MEDI,0.12636853566129258,1
COMMONAREA_MEDI,0.1321101226608889,1
ELEVATORS_MEDI,0.07030333777261802,1
ENTRANCES_MEDI,0.07353858420463005,1
FLOORSMAX_MEDI,0.11260566728839584,1
FLOORSMIN_MEDI,0.06948359242972438,1
LANDAREA_MEDI,0.1713211434988472,1
LIVINGAPARTMENTS_MEDI,0.15475796344716955,1
LIVINGAREA_MEDI,0.16471151825420638,1
NONLIVINGAPARTMENTS_MEDI,0.09413796382289784,1
NONLIVINGAREA_MEDI,0.17720250378041003,1
TOTALAREA_MODE,0.3754066053572822,1
OBS_30_CNT_SOCIAL_CIRCLE,0.3005415399405537,1
DEF_30_CNT_SOCIAL_CIRCLE,0.4477711257984543,1
OBS_60_CNT_SOCIAL_CIRCLE,0.36972046612419424,1
DEF_60_CNT_SOCIAL_CIRCLE,0.24488412809951168,1
DAYS_LAST_PHONE_CHANGE,1.8415812705343775,1
FLAG_DOCUMENT_2,0.013397634627534592,1
FLAG_DOCUMENT_3,0.7113043595775674,1
FLAG_DOCUMENT_4,0.0,1
FLAG_DOCUMENT_5,0.06910161640470802,1
FLAG_DOCUMENT_6,0.05271402685460299,1
FLAG_DOCUMENT_7,0.0003237733846996712,1
FLAG_DOCUMENT_8,0.050183443972118026,1
FLAG_DOCUMENT_9,0.009072826024327373,1
FLAG_DOCUMENT_10,0.0,1
FLAG_DOCUMENT_11,0.020798351220643812,1
FLAG_DOCUMENT_12,0.0,1
FLAG_DOCUMENT_13,0.08970615533150769,1
FLAG_DOCUMENT_14,0.10940064657981043,1
FLAG_DOCUMENT_15,0.029036907739848145,1
FLAG_DOCUMENT_16,0.14502267066796068,1
FLAG_DOCUMENT_17,0.0004037268386244086,1
FLAG_DOCUMENT_18,0.11263684075174445,1
FLAG_DOCUMENT_19,0.003019460790827346,1
FLAG_DOCUMENT_20,0.0053980319127872765,1
FLAG_DOCUMENT_21,0.0016733987444765308,1
AMT_REQ_CREDIT_BUREAU_HOUR,0.06704930344652177,1
AMT_REQ_CREDIT_BUREAU_DAY,0.1456558734284245,1
AMT_REQ_CREDIT_BUREAU_WEEK,0.14211097739231723,1
AMT_REQ_CREDIT_BUREAU_MON,0.24807391357107822,1
AMT_REQ_CREDIT_BUREAU_QRT,0.7226591754723739,1
AMT_REQ_CREDIT_BUREAU_YEAR,0.7952807213919821,1
DAYS_EMPLOYED_ANOM,0.010246195445499907,1
CREDIT_INCOME_PERCENT,0.895360874827723,1
ANNUITY_INCOME_PERCENT,1.35363752093427,1
CREDIT_TERM,10.019800310772363,1
DAYS_EMPLOYED_PERCENT,1.4104070861549787,1
CODE_GENDER_F,0.8726559486030234,1
CODE_GENDER_M,0.979140043739766,1
NAME_TYPE_SUITE_Children,0.043304874075890454,1
NAME_TYPE_SUITE_Family,0.05063587553544554,1
NAME_TYPE_SUITE_Group of people,0.0012050121839141826,1
NAME_TYPE_SUITE_Other_A,0.009944162514494087,1
NAME_TYPE_SUITE_Other_B,0.012427360889469028,1
"NAME_TYPE_SUITE_Spouse, partner",0.05233981233287715,1
NAME_TYPE_SUITE_Unaccompanied,0.14855438719170486,1
NAME_INCOME_TYPE_Businessman,0.0,1
NAME_INCOME_TYPE_Commercial associate,0.06850996309870347,1
NAME_INCOME_TYPE_Pensioner,0.0029633596414358966,1
NAME_INCOME_TYPE_State servant,0.18155233876317492,1
NAME_INCOME_TYPE_Student,0.0,1
NAME_INCOME_TYPE_Unemployed,0.01473569949071207,1
NAME_INCOME_TYPE_Working,0.210553125601921,1
NAME_EDUCATION_TYPE_Academic degree,0.011491275526993068,1
NAME_EDUCATION_TYPE_Higher education,1.1250957815782086,1
NAME_EDUCATION_TYPE_Incomplete higher,0.04459994453442241,1
NAME_EDUCATION_TYPE_Lower secondary,0.10384688861581859,1
NAME_EDUCATION_TYPE_Secondary / secondary special,0.4481809159888591,1
NAME_FAMILY_STATUS_Civil marriage,0.05105168595390874,1
NAME_FAMILY_STATUS_Married,0.6428507927519446,1
NAME_FAMILY_STATUS_Separated,0.07431095551852822,1
NAME_FAMILY_STATUS_Single / not married,0.07436084085778816,1
NAME_FAMILY_STATUS_Widow,0.10600195267832643,1
NAME_HOUSING_TYPE_Co-op apartment,0.006871856795678005,1
NAME_HOUSING_TYPE_House / apartment,0.10711019837278794,1
NAME_HOUSING_TYPE_Municipal apartment,0.1562468666813585,1
NAME_HOUSING_TYPE_Office apartment,0.09478989283241275,1
NAME_HOUSING_TYPE_Rented apartment,0.026096714230031844,1
NAME_HOUSING_TYPE_With parents,0.035259563292624786,1
OCCUPATION_TYPE_Accountants,0.08827567319895262,1
OCCUPATION_TYPE_Cleaning staff,0.037620982830811785,1
OCCUPATION_TYPE_Cooking staff,0.004319778692492177,1
OCCUPATION_TYPE_Core staff,0.2959247583257839,1
OCCUPATION_TYPE_Drivers,0.1291360767518911,1
OCCUPATION_TYPE_HR staff,0.012884466339068167,1
OCCUPATION_TYPE_High skill tech staff,0.14456165419985667,1
OCCUPATION_TYPE_IT staff,0.0012889966758259418,1
OCCUPATION_TYPE_Laborers,0.09725982537617163,1
OCCUPATION_TYPE_Low-skill Laborers,0.0058209285701929575,1
OCCUPATION_TYPE_Managers,0.019340825766263916,1
OCCUPATION_TYPE_Medicine staff,0.0865394938861721,1
OCCUPATION_TYPE_Private service staff,0.04801564469305963,1
OCCUPATION_TYPE_Realty agents,0.004526383003952396,1
OCCUPATION_TYPE_Sales staff,0.06704805893974064,1
OCCUPATION_TYPE_Secretaries,0.03757909525475931,1
OCCUPATION_TYPE_Security staff,0.05958966968701542,1
OCCUPATION_TYPE_Waiters/barmen staff,0.004915173344305485,1
WEEKDAY_APPR_PROCESS_START_FRIDAY,0.06741039952645829,1
WEEKDAY_APPR_PROCESS_START_MONDAY,0.07217010800510448,1
WEEKDAY_APPR_PROCESS_START_SATURDAY,0.05949415875218158,1
WEEKDAY_APPR_PROCESS_START_SUNDAY,0.0645904484467318,1
WEEKDAY_APPR_PROCESS_START_THURSDAY,0.03342555810747865,1
WEEKDAY_APPR_PROCESS_START_TUESDAY,0.04949227527370347,1
WEEKDAY_APPR_PROCESS_START_WEDNESDAY,0.11176164737397207,1
ORGANIZATION_TYPE_Advertising,0.008266837524591727,1
ORGANIZATION_TYPE_Agriculture,0.007655921678082535,1
ORGANIZATION_TYPE_Bank,0.13056328224932903,1
ORGANIZATION_TYPE_Business Entity Type 1,0.03416256308126319,1
ORGANIZATION_TYPE_Business Entity Type 2,0.009311034878301516,1
ORGANIZATION_TYPE_Business Entity Type 3,0.07779561136733383,1
ORGANIZATION_TYPE_Cleaning,0.0,1
ORGANIZATION_TYPE_Construction,0.18247268123855595,1
ORGANIZATION_TYPE_Culture,0.015426179392608434,1
ORGANIZATION_TYPE_Electricity,0.004882105791252442,1
ORGANIZATION_TYPE_Emergency,0.008929077494559526,1
ORGANIZATION_TYPE_Government,0.026518687914418127,1
ORGANIZATION_TYPE_Hotel,0.04313156474143667,1
ORGANIZATION_TYPE_Housing,0.013508678482624763,1
ORGANIZATION_TYPE_Industry: type 1,0.004283947191310103,1
ORGANIZATION_TYPE_Industry: type 10,0.002509594764233701,1
ORGANIZATION_TYPE_Industry: type 11,0.0023720757489024288,1
ORGANIZATION_TYPE_Industry: type 12,0.02900703463909992,1
ORGANIZATION_TYPE_Industry: type 13,0.0,1
ORGANIZATION_TYPE_Industry: type 2,0.0055747617785389504,1
ORGANIZATION_TYPE_Industry: type 3,0.001166011556669831,1
ORGANIZATION_TYPE_Industry: type 4,0.0012158347250581518,1
ORGANIZATION_TYPE_Industry: type 5,0.007339644595524843,1
ORGANIZATION_TYPE_Industry: type 6,0.0,1
ORGANIZATION_TYPE_Industry: type 7,0.009515063690902234,1
ORGANIZATION_TYPE_Industry: type 8,0.0008707274535313834,1
ORGANIZATION_TYPE_Industry: type 9,0.2268477343576871,1
ORGANIZATION_TYPE_Insurance,0.03457851646164701,1
ORGANIZATION_TYPE_Kindergarten,0.08610867767393908,1
ORGANIZATION_TYPE_Legal Services,0.03496758304407688,1
ORGANIZATION_TYPE_Medicine,0.07825729512169344,1
ORGANIZATION_TYPE_Military,0.129884861359589,1
ORGANIZATION_TYPE_Mobile,0.008286759783705666,1
ORGANIZATION_TYPE_Other,0.03977122336264883,1
ORGANIZATION_TYPE_Police,0.07319207504087383,1
ORGANIZATION_TYPE_Postal,0.02304993182209193,1
ORGANIZATION_TYPE_Realtor,0.0677841845798712,1
ORGANIZATION_TYPE_Religion,0.0,1
ORGANIZATION_TYPE_Restaurant,0.06284008515556513,1
ORGANIZATION_TYPE_School,0.19840995384687884,1
ORGANIZATION_TYPE_Security,0.007575857031369442,1
ORGANIZATION_TYPE_Security Ministries,0.07237950778075795,1
ORGANIZATION_TYPE_Self-employed,0.19461415459625042,1
ORGANIZATION_TYPE_Services,0.011159029598031436,1
ORGANIZATION_TYPE_Telecom,0.02115863244068067,1
ORGANIZATION_TYPE_Trade: type 1,0.0019228406172411667,1
ORGANIZATION_TYPE_Trade: type 2,0.03762717916688971,1
ORGANIZATION_TYPE_Trade: type 3,0.018159195380333493,1
ORGANIZATION_TYPE_Trade: type 4,0.004101565204474195,1
ORGANIZATION_TYPE_Trade: type 5,0.0,1
ORGANIZATION_TYPE_Trade: type 6,0.027862998142100366,1
ORGANIZATION_TYPE_Trade: type 7,0.006680175360889878,1
ORGANIZATION_TYPE_Transport: type 1,0.006132155657576892,1
ORGANIZATION_TYPE_Transport: type 2,0.017204633031437832,1
ORGANIZATION_TYPE_Transport: type 3,0.13938430717348688,1
ORGANIZATION_TYPE_Transport: type 4,0.027504417780350437,1
ORGANIZATION_TYPE_University,0.009904288534549619,1
ORGANIZATION_TYPE_XNA,0.003943423564831056,1
FONDKAPREMONT_MODE_not specified,0.06484635923652164,1
FONDKAPREMONT_MODE_org spec account,0.016038871361401252,1
FONDKAPREMONT_MODE_reg oper account,0.02538896441747312,1
FONDKAPREMONT_MODE_reg oper spec account,0.0411662387395075,1
HOUSETYPE_MODE_block of flats,0.013148687699848683,1
HOUSETYPE_MODE_specific housing,0.03929672097834413,1
HOUSETYPE_MODE_terraced house,0.013072612291990339,1
WALLSMATERIAL_MODE_Block,0.03144189160754515,1
WALLSMATERIAL_MODE_Mixed,0.036537269299402375,1
WALLSMATERIAL_MODE_Monolithic,0.005341983169539167,1
WALLSMATERIAL_MODE_Others,0.034696510357162653,1
WALLSMATERIAL_MODE_Panel,0.09174274532501181,1
"WALLSMATERIAL_MODE_Stone, brick",0.1815393391176728,1
WALLSMATERIAL_MODE_Wooden,0.017929198239382382,1
EMERGENCYSTATE_MODE_No,0.016347047226948946,1
EMERGENCYSTATE_MODE_Yes,0.005105321346992184,1
NAME_CONTRACT_TYPE,1.0912332415903698,2
FLAG_OWN_CAR,0.6650589729299512,2
FLAG_OWN_REALTY,0.07025604354250722,2
CNT_CHILDREN,0.11003380564675377,2
AMT_INCOME_TOTAL,0.998703726256387,2
AMT_CREDIT,1.7889707420699665,2
AMT_ANNUITY,2.6727222852740535,2
AMT_GOODS_PRICE,3.5765158464991886,2
REGION_POPULATION_RELATIVE,0.916884232433776,2
DAYS_BIRTH,4.135063384806585,2
DAYS_EMPLOYED,2.9401483506705572,2
DAYS_REGISTRATION,1.411716879677272,2
DAYS_ID_PUBLISH,1.9045065029347472,2
OWN_CAR_AGE,1.0224340009592,2
FLAG_MOBIL,0.0,2
FLAG_EMP_PHONE,0.034842193313362725,2
FLAG_WORK_PHONE,0.38509194241586375,2
FLAG_CONT_MOBILE,0.002168095397090476,2
FLAG_PHONE,0.14415884797201245,2
FLAG_EMAIL,0.04088517404806418,2
CNT_FAM_MEMBERS,0.2137364936884901,2
REGION_RATING_CLIENT,0.1829497307752646,2
REGION_RATING_CLIENT_W_CITY,0.5085676728354808,2
HOUR_APPR_PROCESS_START,0.6772394898529116,2
REG_REGION_NOT_LIVE_REGION,0.016480029524108937,2
REG_REGION_NOT_WORK_REGION,0.021729473673532087,2
LIVE_REGION_NOT_WORK_REGION,0.0320133773330021,2
REG_CITY_NOT_LIVE_CITY,0.29600188062030164,2
REG_CITY_NOT_WORK_CITY,0.015690803538973706,2
LIVE_CITY_NOT_WORK_CITY,0.06397299766451861,2
EXT_SOURCE_1,6.249406938087091,2
EXT_SOURCE_2,12.13717384321953,2
EXT_SOURCE_3,19.22231216332152,2
APARTMENTS_AVG,0.23474156818397546,2
BASEMENTAREA_AVG,0.17903567082559982,2
YEARS_BEGINEXPLUATATION_AVG,0.20423443018029067,2
YEARS_BUILD_AVG,0.1650623424220002,2
COMMONAREA_AVG,0.09209299818251644,2
ELEVATORS_AVG,0.07207822428748155,2
ENTRANCES_AVG,0.2253796236110589,2
FLOORSMAX_AVG,0.18924490333172797,2
FLOORSMIN_AVG,0.06527410263435307,2
LANDAREA_AVG,0.16507493984376886,2
LIVINGAPARTMENTS_AVG,0.12439277742573551,2
LIVINGAREA_AVG,0.13342636408916508,2
NONLIVINGAPARTMENTS_AVG,0.1330414179772075,2
NONLIVINGAREA_AVG,0.16725232760028666,2
APARTMENTS_MODE,0.24211301306506403,2
BASEMENTAREA_MODE,0.24016657119071255,2
YEARS_BEGINEXPLUATATION_MODE,0.3196409023201298,2
YEARS_BUILD_MODE,0.1172196594900614,2
COMMONAREA_MODE,0.1588540283252878,2
ELEVATORS_MODE,0.08146653063559622,2
ENTRANCES_MODE,0.11606638163977606,2
FLOORSMAX_MODE,0.1306480095774014,2
FLOORSMIN_MODE,0.03536138252769567,2
LANDAREA_MODE,0.15428396013098836,2
LIVINGAPARTMENTS_MODE,0.19568803795146045,2
LIVINGAREA_MODE,0.20750744739350396,2
NONLIVINGAPARTMENTS_MODE,0.1428916272185323,2
NONLIVINGAREA_MODE,0.2626107674179247,2
APARTMENTS_MEDI,0.16539866529437106,2
BASEMENTAREA_MEDI,0.14882203346936496,2
YEARS_BEGINEXPLUATATION_MEDI,0.16470767501855824,2
YEARS_BUILD_MEDI,0.08161998927034264,2
COMMONAREA_MEDI,0.10609706008577273,2
ELEVATORS_MEDI,0.05118970690765184,2
ENTRANCES_MEDI,0.114714287633303,2
FLOORSMAX_MEDI,0.08712878374023854,2
FLOORSMIN_MEDI,0.03650232345797195,2
LANDAREA_MEDI,0.15494743707195216,2
LIVINGAPARTMENTS_MEDI,0.120773685164211,2
LIVINGAREA_MEDI,0.19188232297832503,2
NONLIVINGAPARTMENTS_MEDI,0.08945579944020116,2
NONLIVINGAREA_MEDI,0.15795553794454337,2
TOTALAREA_MODE,0.2337525203810701,2
OBS_30_CNT_SOCIAL_CIRCLE,0.22032166791491906,2
DEF_30_CNT_SOCIAL_CIRCLE,0.4689793839098476,2
OBS_60_CNT_SOCIAL_CIRCLE,0.2260205909968744,2
DEF_60_CNT_SOCIAL_CIRCLE,0.28036556256662276,2
DAYS_LAST_PHONE_CHANGE,1.460075677906798,2
FLAG_DOCUMENT_2,0.018515113413143092,2
FLAG_DOCUMENT_3,0.7827863254323141,2
FLAG_DOCUMENT_4,0.0,2
FLAG_DOCUMENT_5,0.03235893756157562,2
FLAG_DOCUMENT_6,0.0795205173482854,2
FLAG_DOCUMENT_7,0.0040603795339389775,2
FLAG_DOCUMENT_8,0.04662689935476946,2
FLAG_DOCUMENT_9,0.007350723155181501,2
FLAG_DOCUMENT_10,0.0,2
FLAG_DOCUMENT_11,0.04474676261319841,2
FLAG_DOCUMENT_12,0.0,2
FLAG_DOCUMENT_13,0.11125966345284126,2
FLAG_DOCUMENT_14,0.06864175530227115,2
FLAG_DOCUMENT_15,0.018419474072976196,2
FLAG_DOCUMENT_16,0.180782195312917,2
FLAG_DOCUMENT_17,0.0,2
FLAG_DOCUMENT_18,0.13776288597827507,2
FLAG_DOCUMENT_19,0.0009566489812494449,2
FLAG_DOCUMENT_20,0.006831822024176867,2
FLAG_DOCUMENT_21,0.0015737450793815765,2
AMT_REQ_CREDIT_BUREAU_HOUR,0.03465641751196948,2
AMT_REQ_CREDIT_BUREAU_DAY,0.05227400737111919,2
AMT_REQ_CREDIT_BUREAU_WEEK,0.1132222996693162,2
AMT_REQ_CREDIT_BUREAU_MON,0.3426748052872338,2
AMT_REQ_CREDIT_BUREAU_QRT,0.6379359267153631,2
AMT_REQ_CREDIT_BUREAU_YEAR,0.6856868893528899,2
DAYS_EMPLOYED_ANOM,0.007606803523522575,2
CREDIT_INCOME_PERCENT,0.7699497710121951,2
ANNUITY_INCOME_PERCENT,1.3341627512152052,2
CREDIT_TERM,10.345337446693923,2
DAYS_EMPLOYED_PERCENT,1.1995160109678404,2
CODE_GENDER_F,0.7907144044730041,2
CODE_GENDER_M,1.1806882468002187,2
NAME_TYPE_SUITE_Children,0.034770099003797954,2
NAME_TYPE_SUITE_Family,0.04420962787337498,2
NAME_TYPE_SUITE_Group of people,0.0,2
NAME_TYPE_SUITE_Other_A,0.00873465294232246,2
NAME_TYPE_SUITE_Other_B,0.005312376495818423,2
"NAME_TYPE_SUITE_Spouse, partner",0.07469816573264512,2
NAME_TYPE_SUITE_Unaccompanied,0.04962460395403585,2
NAME_INCOME_TYPE_Businessman,0.0,2
NAME_INCOME_TYPE_Commercial associate,0.050194875651184134,2
NAME_INCOME_TYPE_Pensioner,0.011621122008784535,2
NAME_INCOME_TYPE_State servant,0.18091456579643078,2
NAME_INCOME_TYPE_Student,0.0,2
NAME_INCOME_TYPE_Unemployed,0.014714786536614087,2
NAME_INCOME_TYPE_Working,0.32176636046162677,2
NAME_EDUCATION_TYPE_Academic degree,0.010402497242286379,2
NAME_EDUCATION_TYPE_Higher education,1.3900115817074097,2
NAME_EDUCATION_TYPE_Incomplete higher,0.016541603332582783,2
NAME_EDUCATION_TYPE_Lower secondary,0.06294569234740233,2
NAME_EDUCATION_TYPE_Secondary / secondary special,0.3168819241958474,2
NAME_FAMILY_STATUS_Civil marriage,0.037720697637033423,2
NAME_FAMILY_STATUS_Married,0.6778886951241899,2
NAME_FAMILY_STATUS_Separated,0.05189349660558752,2
NAME_FAMILY_STATUS_Single / not married,0.04954685700113534,2
NAME_FAMILY_STATUS_Widow,0.07383786345182149,2
NAME_HOUSING_TYPE_Co-op apartment,0.007198714215216533,2
NAME_HOUSING_TYPE_House / apartment,0.14988282778762915,2
NAME_HOUSING_TYPE_Municipal apartment,0.2223723811085278,2
NAME_HOUSING_TYPE_Office apartment,0.061319447961688936,2
NAME_HOUSING_TYPE_Rented apartment,0.027375774509829757,2
NAME_HOUSING_TYPE_With parents,0.0029555210049109736,2
OCCUPATION_TYPE_Accountants,0.09068910667743736,2
OCCUPATION_TYPE_Cleaning staff,0.060202910172207205,2
OCCUPATION_TYPE_Cooking staff,0.011666585681856302,2
OCCUPATION_TYPE_Core staff,0.3412863770575626,2
OCCUPATION_TYPE_Drivers,0.1488246163865762,2
OCCUPATION_TYPE_HR staff,0.0076683322973652495,2
OCCUPATION_TYPE_High skill tech staff,0.1564406034823535,2
OCCUPATION_TYPE_IT staff,0.0010103322445436096,2
OCCUPATION_TYPE_Laborers,0.09448600275826301,2
OCCUPATION_TYPE_Low-skill Laborers,0.018619041928717776,2
OCCUPATION_TYPE_Managers,0.017154239105217645,2
OCCUPATION_TYPE_Medicine staff,0.14911684489638546,2
OCCUPATION_TYPE_Private service staff,0.015140211835195674,2
OCCUPATION_TYPE_Realty agents,0.0057078129507763435,2
OCCUPATION_TYPE_Sales staff,0.039623131687478844,2
OCCUPATION_TYPE_Secretaries,0.038178811180469285,2
OCCUPATION_TYPE_Security staff,0.029152640208125795,2
OCCUPATION_TYPE_Waiters/barmen staff,0.003192287938872657,2
WEEKDAY_APPR_PROCESS_START_FRIDAY,0.025849756968581036,2
WEEKDAY_APPR_PROCESS_START_MONDAY,0.1603174546468734,2
WEEKDAY_APPR_PROCESS_START_SATURDAY,0.08402735077972527,2
WEEKDAY_APPR_PROCESS_START_SUNDAY,0.07207237423580284,2
WEEKDAY_APPR_PROCESS_START_THURSDAY,0.0475756629952151,2
WEEKDAY_APPR_PROCESS_START_TUESDAY,0.1283305515487214,2
WEEKDAY_APPR_PROCESS_START_WEDNESDAY,0.06639695544230084,2
ORGANIZATION_TYPE_Advertising,0.008577262965927725,2
ORGANIZATION_TYPE_Agriculture,0.009799876392987664,2
ORGANIZATION_TYPE_Bank,0.08375067709841572,2
ORGANIZATION_TYPE_Business Entity Type 1,0.01730876447175005,2
ORGANIZATION_TYPE_Business Entity Type 2,0.009127500521854872,2
ORGANIZATION_TYPE_Business Entity Type 3,0.04721262360400559,2
ORGANIZATION_TYPE_Cleaning,0.0,2
ORGANIZATION_TYPE_Construction,0.20200288227979488,2
ORGANIZATION_TYPE_Culture,0.016590126660546982,2
ORGANIZATION_TYPE_Electricity,0.0012776002553511676,2
ORGANIZATION_TYPE_Emergency,0.0005901934790892923,2
ORGANIZATION_TYPE_Government,0.024408171578271593,2
ORGANIZATION_TYPE_Hotel,0.04516007703596595,2
ORGANIZATION_TYPE_Housing,0.023288890331774705,2
ORGANIZATION_TYPE_Industry: type 1,0.008945918984035212,2
ORGANIZATION_TYPE_Industry: type 10,0.003061799866247448,2
ORGANIZATION_TYPE_Industry: type 11,0.010225664421606653,2
ORGANIZATION_TYPE_Industry: type 12,0.017208223913924445,2
ORGANIZATION_TYPE_Industry: type 13,0.0,2
ORGANIZATION_TYPE_Industry: type 2,0.010623958669624633,2
ORGANIZATION_TYPE_Industry: type 3,0.0008104468492002357,2
ORGANIZATION_TYPE_Industry: type 4,0.0034548386882300654,2
ORGANIZATION_TYPE_Industry: type 5,0.008449136459329808,2
ORGANIZATION_TYPE_Industry: type 6,0.0,2
ORGANIZATION_TYPE_Industry: type 7,0.004629307385958938,2
ORGANIZATION_TYPE_Industry: type 8,0.0,2
ORGANIZATION_TYPE_Industry: type 9,0.16030453248543058,2
ORGANIZATION_TYPE_Insurance,0.007979796911184882,2
ORGANIZATION_TYPE_Kindergarten,0.0600890581995059,2
ORGANIZATION_TYPE_Legal Services,0.018948354267862746,2
ORGANIZATION_TYPE_Medicine,0.018960500637801227,2
ORGANIZATION_TYPE_Military,0.16554964654761065,2
ORGANIZATION_TYPE_Mobile,0.0007269426996131227,2
ORGANIZATION_TYPE_Other,0.04016431156178169,2
ORGANIZATION_TYPE_Police,0.09735973225925133,2
ORGANIZATION_TYPE_Postal,0.019996289411080538,2
ORGANIZATION_TYPE_Realtor,0.07390714779206733,2
ORGANIZATION_TYPE_Religion,0.0,2
ORGANIZATION_TYPE_Restaurant,0.029806218831115,2
ORGANIZATION_TYPE_School,0.05267830463032217,2
ORGANIZATION_TYPE_Security,0.0018049199770860187,2
ORGANIZATION_TYPE_Security Ministries,0.11891555733266615,2
ORGANIZATION_TYPE_Self-employed,0.14923794674214697,2
ORGANIZATION_TYPE_Services,0.018172252955364655,2
ORGANIZATION_TYPE_Telecom,0.020378554259533884,2
ORGANIZATION_TYPE_Trade: type 1,0.0,2
ORGANIZATION_TYPE_Trade: type 2,0.11783724975832197,2
ORGANIZATION_TYPE_Trade: type 3,0.016435066172715257,2
ORGANIZATION_TYPE_Trade: type 4,0.003758911731958879,2
ORGANIZATION_TYPE_Trade: type 5,0.0,2
ORGANIZATION_TYPE_Trade: type 6,0.010974490702207655,2
ORGANIZATION_TYPE_Trade: type 7,0.013851232964847478,2
ORGANIZATION_TYPE_Transport: type 1,0.0003782019771425405,2
ORGANIZATION_TYPE_Transport: type 2,0.014315789285712388,2
ORGANIZATION_TYPE_Transport: type 3,0.12688354015447414,2
ORGANIZATION_TYPE_Transport: type 4,0.006818399000153002,2
ORGANIZATION_TYPE_University,0.007049361484427667,2
ORGANIZATION_TYPE_XNA,0.001961593088520388,2
FONDKAPREMONT_MODE_not specified,0.028043767444648718,2
FONDKAPREMONT_MODE_org spec account,0.03269306060182308,2
FONDKAPREMONT_MODE_reg oper account,0.018892656138597457,2
FONDKAPREMONT_MODE_reg oper spec account,0.04602910301603387,2
HOUSETYPE_MODE_block of flats,0.004736696137177749,2
HOUSETYPE_MODE_specific housing,0.01117550998027486,2
HOUSETYPE_MODE_terraced house,0.001023401174346253,2
WALLSMATERIAL_MODE_Block,0.009204590125050828,2
WALLSMATERIAL_MODE_Mixed,0.0027514110285175976,2
WALLSMATERIAL_MODE_Monolithic,0.0021365193130721094,2
WALLSMATERIAL_MODE_Others,0.04895233806151225,2
WALLSMATERIAL_MODE_Panel,0.10245880589815773,2
"WALLSMATERIAL_MODE_Stone, brick",0.2721166502324957,2
WALLSMATERIAL_MODE_Wooden,0.006359385896691994,2
EMERGENCYSTATE_MODE_No,0.006657716224839911,2
EMERGENCYSTATE_MODE_Yes,0.006104223779612621,2
NAME_CONTRACT_TYPE,1.1424426634336542,3
FLAG_OWN_CAR,0.7416455341539707,3
FLAG_OWN_REALTY,0.12417654588267948,3
CNT_CHILDREN,0.10189702029476488,3
AMT_INCOME_TOTAL,1.294944630573473,3
AMT_CREDIT,1.7932997107196684,3
AMT_ANNUITY,2.581509117772842,3
AMT_GOODS_PRICE,3.6092687095868703,3
REGION_POPULATION_RELATIVE,1.33092880156438,3
DAYS_BIRTH,3.9939421825916996,3
DAYS_EMPLOYED,3.1569747994562327,3
DAYS_REGISTRATION,1.4255675470836737,3
DAYS_ID_PUBLISH,1.9160469255388424,3
OWN_CAR_AGE,1.128796714034813,3
FLAG_MOBIL,0.0,3
FLAG_EMP_PHONE,0.013177301668391149,3
FLAG_WORK_PHONE,0.4748138750302635,3
FLAG_CONT_MOBILE,0.004867296195595046,3
FLAG_PHONE,0.21855910334576778,3
FLAG_EMAIL,0.04442284714732537,3
CNT_FAM_MEMBERS,0.20210594218781358,3
REGION_RATING_CLIENT,0.13701073478009815,3
REGION_RATING_CLIENT_W_CITY,0.586094634488079,3
HOUR_APPR_PROCESS_START,0.9586614101568139,3
REG_REGION_NOT_LIVE_REGION,0.035781221731688795,3
REG_REGION_NOT_WORK_REGION,0.038571438718592685,3
LIVE_REGION_NOT_WORK_REGION,0.026944046783194127,3
REG_CITY_NOT_LIVE_CITY,0.2713453598210986,3
REG_CITY_NOT_WORK_CITY,0.03219187693565894,3
LIVE_CITY_NOT_WORK_CITY,0.04593873080093528,3
EXT_SOURCE_1,5.721233172501981,3
EXT_SOURCE_2,11.372290291912865,3
EXT_SOURCE_3,16.892460394835044,3
APARTMENTS_AVG,0.22547215678952984,3
BASEMENTAREA_AVG,0.1557809348015394,3
YEARS_BEGINEXPLUATATION_AVG,0.20359985074137252,3
YEARS_BUILD_AVG,0.1412724131287831,3
COMMONAREA_AVG,0.14996615735718843,3
ELEVATORS_AVG,0.08562632426469145,3
ENTRANCES_AVG,0.13617905396742316,3
FLOORSMAX_AVG,0.287576499586817,3
FLOORSMIN_AVG,0.12718646322448826,3
LANDAREA_AVG,0.3141108276917228,3
LIVINGAPARTMENTS_AVG,0.15321089147194475,3
LIVINGAREA_AVG,0.1929315674867718,3
NONLIVINGAPARTMENTS_AVG,0.19314878038931763,3
NONLIVINGAREA_AVG,0.26387233621375666,3
APARTMENTS_MODE,0.27557172660534235,3
BASEMENTAREA_MODE,0.2975479049936032,3
YEARS_BEGINEXPLUATATION_MODE,0.3487995574833306,3
YEARS_BUILD_MODE,0.21274837375261568,3
COMMONAREA_MODE,0.19323440945216291,3
ELEVATORS_MODE,0.0558740743891716,3
ENTRANCES_MODE,0.12477987653653763,3
FLOORSMAX_MODE,0.07517290147539271,3
FLOORSMIN_MODE,0.09882063551815268,3
LANDAREA_MODE,0.26513555298145475,3
LIVINGAPARTMENTS_MODE,0.19549813609831465,3
LIVINGAREA_MODE,0.2021664375262584,3
NONLIVINGAPARTMENTS_MODE,0.20711839810740115,3
NONLIVINGAREA_MODE,0.3228264597807867,3
APARTMENTS_MEDI,0.19309901974113647,3
BASEMENTAREA_MEDI,0.18421850071931356,3
YEARS_BEGINEXPLUATATION_MEDI,0.21858171464815854,3
YEARS_BUILD_MEDI,0.10549813456352715,3
COMMONAREA_MEDI,0.16104363316143588,3
ELEVATORS_MEDI,0.05926716682178106,3
ENTRANCES_MEDI,0.0755561188020473,3
FLOORSMAX_MEDI,0.10535713944333211,3
FLOORSMIN_MEDI,0.03341882877977597,3
LANDAREA_MEDI,0.1808835811303654,3
LIVINGAPARTMENTS_MEDI,0.10952501779094345,3
LIVINGAREA_MEDI,0.1712929019031196,3
NONLIVINGAPARTMENTS_MEDI,0.07716020669929476,3
NONLIVINGAREA_MEDI,0.161507512596948,3
TOTALAREA_MODE,0.3455142372832026,3
OBS_30_CNT_SOCIAL_CIRCLE,0.30200336596282384,3
DEF_30_CNT_SOCIAL_CIRCLE,0.4293876993520785,3
OBS_60_CNT_SOCIAL_CIRCLE,0.367471814067726,3
DEF_60_CNT_SOCIAL_CIRCLE,0.2490493448987294,3
DAYS_LAST_PHONE_CHANGE,1.8964094509139091,3
FLAG_DOCUMENT_2,0.017695201578790776,3
FLAG_DOCUMENT_3,0.9252206459356024,3
FLAG_DOCUMENT_4,0.0,3
FLAG_DOCUMENT_5,0.01140095585157846,3
FLAG_DOCUMENT_6,0.113455430514436,3
FLAG_DOCUMENT_7,0.00408053882376571,3
FLAG_DOCUMENT_8,0.06061636875388545,3
FLAG_DOCUMENT_9,0.0028213857515646716,3
FLAG_DOCUMENT_10,0.0,3
FLAG_DOCUMENT_11,0.04540659083661751,3
FLAG_DOCUMENT_12,0.0,3
FLAG_DOCUMENT_13,0.046001507591906465,3
FLAG_DOCUMENT_14,0.05159391680421661,3
FLAG_DOCUMENT_15,0.034513039843036046,3
FLAG_DOCUMENT_16,0.15749889564778025,3
FLAG_DOCUMENT_17,0.00048408930209190433,3
FLAG_DOCUMENT_18,0.10801785155087659,3
FLAG_DOCUMENT_19,0.0017039818984199149,3
FLAG_DOCUMENT_20,0.00022758350445888277,3
FLAG_DOCUMENT_21,0.0003735576581600845,3
AMT_REQ_CREDIT_BUREAU_HOUR,0.06357486709322269,3
AMT_REQ_CREDIT_BUREAU_DAY,0.052637777609622,3
AMT_REQ_CREDIT_BUREAU_WEEK,0.176200341134953,3
AMT_REQ_CREDIT_BUREAU_MON,0.2557058366797795,3
AMT_REQ_CREDIT_BUREAU_QRT,0.5852581779187412,3
AMT_REQ_CREDIT_BUREAU_YEAR,0.746168398492453,3
DAYS_EMPLOYED_ANOM,0.004906141118315704,3
CREDIT_INCOME_PERCENT,0.9131658967846099,3
ANNUITY_INCOME_PERCENT,1.2226643218064137,3
CREDIT_TERM,10.042053021386934,3
DAYS_EMPLOYED_PERCENT,1.4432766725715842,3
CODE_GENDER_F,0.7165596555761613,3
CODE_GENDER_M,1.1277886806883568,3
NAME_TYPE_SUITE_Children,0.07506426652318142,3
NAME_TYPE_SUITE_Family,0.06499955949732322,3
NAME_TYPE_SUITE_Group of people,0.0024890930397176267,3
NAME_TYPE_SUITE_Other_A,0.013936697894039531,3
NAME_TYPE_SUITE_Other_B,0.014907854535544263,3
"NAME_TYPE_SUITE_Spouse, partner",0.1277338263780713,3
NAME_TYPE_SUITE_Unaccompanied,0.1557387003753326,3
NAME_INCOME_TYPE_Businessman,0.0,3
NAME_INCOME_TYPE_Commercial associate,0.07537836134068313,3
NAME_INCOME_TYPE_Pensioner,0.006675112825240381,3
NAME_INCOME_TYPE_State servant,0.21295559459274516,3
NAME_INCOME_TYPE_Student,0.0,3
NAME_INCOME_TYPE_Unemployed,0.02745130458571079,3
NAME_INCOME_TYPE_Working,0.257102297434777,3
NAME_EDUCATION_TYPE_Academic degree,0.016539358322810865,3
NAME_EDUCATION_TYPE_Higher education,1.2098402283457006,3
NAME_EDUCATION_TYPE_Incomplete higher,0.05454940461630909,3
NAME_EDUCATION_TYPE_Lower secondary,0.09418194709926808,3
NAME_EDUCATION_TYPE_Secondary / secondary special,0.5145532649432372,3
NAME_FAMILY_STATUS_Civil marriage,0.024396305994367932,3
NAME_FAMILY_STATUS_Married,0.46014373094242433,3
NAME_FAMILY_STATUS_Separated,0.07173015493521098,3
NAME_FAMILY_STATUS_Single / not married,0.15842706290723865,3
NAME_FAMILY_STATUS_Widow,0.14028584480820397,3
NAME_HOUSING_TYPE_Co-op apartment,0.03174732374211219,3
NAME_HOUSING_TYPE_House / apartment,0.07515385552056232,3
NAME_HOUSING_TYPE_Municipal apartment,0.13162589437385305,3
NAME_HOUSING_TYPE_Office apartment,0.07038149971290449,3
NAME_HOUSING_TYPE_Rented apartment,0.03451781455813403,3
NAME_HOUSING_TYPE_With parents,0.02568561405009591,3
OCCUPATION_TYPE_Accountants,0.16501994251705265,3
OCCUPATION_TYPE_Cleaning staff,0.02629187491819886,3
OCCUPATION_TYPE_Cooking staff,0.011417644164438816,3
OCCUPATION_TYPE_Core staff,0.26757793952053915,3
OCCUPATION_TYPE_Drivers,0.1692431665393824,3
OCCUPATION_TYPE_HR staff,0.005718127895827995,3
OCCUPATION_TYPE_High skill tech staff,0.07314956455777531,3
OCCUPATION_TYPE_IT staff,0.002457385337248516,3
OCCUPATION_TYPE_Laborers,0.12132375709581156,3
OCCUPATION_TYPE_Low-skill Laborers,0.04940510052754071,3
OCCUPATION_TYPE_Managers,0.03616232071107969,3
OCCUPATION_TYPE_Medicine staff,0.07362669921064548,3
OCCUPATION_TYPE_Private service staff,0.06906159951533777,3
OCCUPATION_TYPE_Realty agents,0.0038448740875043244,3
OCCUPATION_TYPE_Sales staff,0.06474193770512902,3
OCCUPATION_TYPE_Secretaries,0.015952055143852853,3
OCCUPATION_TYPE_Security staff,0.035740934747647876,3
OCCUPATION_TYPE_Waiters/barmen staff,0.003306101290152229,3
WEEKDAY_APPR_PROCESS_START_FRIDAY,0.015807564872772115,3
WEEKDAY_APPR_PROCESS_START_MONDAY,0.09465390870652474,3
WEEKDAY_APPR_PROCESS_START_SATURDAY,0.12495883835375297,3
WEEKDAY_APPR_PROCESS_START_SUNDAY,0.13651063518643952,3
WEEKDAY_APPR_PROCESS_START_THURSDAY,0.08498124448414343,3
WEEKDAY_APPR_PROCESS_START_TUESDAY,0.1441087282544909,3
WEEKDAY_APPR_PROCESS_START_WEDNESDAY,0.11072940171403396,3
ORGANIZATION_TYPE_Advertising,0.020094898757617816,3
ORGANIZATION_TYPE_Agriculture,0.014028674322020528,3
ORGANIZATION_TYPE_Bank,0.10999520173394445,3
ORGANIZATION_TYPE_Business Entity Type 1,0.027487221722965798,3
ORGANIZATION_TYPE_Business Entity Type 2,0.014691884908400248,3
ORGANIZATION_TYPE_Business Entity Type 3,0.13748036282046028,3
ORGANIZATION_TYPE_Cleaning,0.0,3
ORGANIZATION_TYPE_Construction,0.11549030917661368,3
ORGANIZATION_TYPE_Culture,0.010238049106893883,3
ORGANIZATION_TYPE_Electricity,0.0075703621205803154,3
ORGANIZATION_TYPE_Emergency,0.010088957477125793,3
ORGANIZATION_TYPE_Government,0.02755737405654324,3
ORGANIZATION_TYPE_Hotel,0.0365912781211881,3
ORGANIZATION_TYPE_Housing,0.009790562425373945,3
ORGANIZATION_TYPE_Industry: type 1,0.0045533516535248945,3
ORGANIZATION_TYPE_Industry: type 10,0.0,3
ORGANIZATION_TYPE_Industry: type 11,0.0024355055242393,3
ORGANIZATION_TYPE_Industry: type 12,0.027791916154418537,3
ORGANIZATION_TYPE_Industry: type 13,0.0,3
ORGANIZATION_TYPE_Industry: type 2,0.006802125501602166,3
ORGANIZATION_TYPE_Industry: type 3,0.007604266993178325,3
ORGANIZATION_TYPE_Industry: type 4,0.0028230045516514255,3
ORGANIZATION_TYPE_Industry: type 5,0.013361153060317129,3
ORGANIZATION_TYPE_Industry: type 6,0.0,3
ORGANIZATION_TYPE_Industry: type 7,0.007408139916123916,3
ORGANIZATION_TYPE_Industry: type 8,0.00021829152617488542,3
ORGANIZATION_TYPE_Industry: type 9,0.12814450388286697,3
ORGANIZATION_TYPE_Insurance,0.017962278314154364,3
ORGANIZATION_TYPE_Kindergarten,0.09509393232125234,3
ORGANIZATION_TYPE_Legal Services,0.011386963837925609,3
ORGANIZATION_TYPE_Medicine,0.10856406927610245,3
ORGANIZATION_TYPE_Military,0.15702979957596647,3
ORGANIZATION_TYPE_Mobile,0.0057561823875117235,3
ORGANIZATION_TYPE_Other,0.07382610033243389,3
ORGANIZATION_TYPE_Police,0.022325381763820446,3
ORGANIZATION_TYPE_Postal,0.015476256328407743,3
ORGANIZATION_TYPE_Realtor,0.12377153774605992,3
ORGANIZATION_TYPE_Religion,0.00037435587149494656,3
ORGANIZATION_TYPE_Restaurant,0.018820418669613877,3
ORGANIZATION_TYPE_School,0.09842560188980433,3
ORGANIZATION_TYPE_Security,0.01511849576527835,3
ORGANIZATION_TYPE_Security Ministries,0.07724333374466119,3
ORGANIZATION_TYPE_Self-employed,0.1903077517857165,3
ORGANIZATION_TYPE_Services,0.01888816129819141,3
ORGANIZATION_TYPE_Telecom,0.005884222068825446,3
ORGANIZATION_TYPE_Trade: type 1,0.010385809281264069,3
ORGANIZATION_TYPE_Trade: type 2,0.04384659079429851,3
ORGANIZATION_TYPE_Trade: type 3,0.014468306461504167,3
ORGANIZATION_TYPE_Trade: type 4,0.0003750412783037403,3
ORGANIZATION_TYPE_Trade: type 5,0.0,3
ORGANIZATION_TYPE_Trade: type 6,0.012988131212211186,3
ORGANIZATION_TYPE_Trade: type 7,0.013603570312946407,3
ORGANIZATION_TYPE_Transport: type 1,0.005555905010019507,3
ORGANIZATION_TYPE_Transport: type 2,0.01836182232917517,3
ORGANIZATION_TYPE_Transport: type 3,0.08142934753019818,3
ORGANIZATION_TYPE_Transport: type 4,0.0478197713951918,3
ORGANIZATION_TYPE_University,0.023082141643794827,3
ORGANIZATION_TYPE_XNA,0.004946204659641215,3
FONDKAPREMONT_MODE_not specified,0.008528502378861621,3
FONDKAPREMONT_MODE_org spec account,0.08584585095676159,3
FONDKAPREMONT_MODE_reg oper account,0.029407956247709775,3
FONDKAPREMONT_MODE_reg oper spec account,0.03917463118053868,3
HOUSETYPE_MODE_block of flats,0.0038533421098736103,3
HOUSETYPE_MODE_specific housing,0.021203979006752145,3
HOUSETYPE_MODE_terraced house,0.01349318681279237,3
WALLSMATERIAL_MODE_Block,0.011414731337484945,3
WALLSMATERIAL_MODE_Mixed,0.016578798493809995,3
WALLSMATERIAL_MODE_Monolithic,0.031190247777567466,3
WALLSMATERIAL_MODE_Others,0.046208688204445666,3
WALLSMATERIAL_MODE_Panel,0.08002902710344457,3
"WALLSMATERIAL_MODE_Stone, brick",0.17455931463216656,3
WALLSMATERIAL_MODE_Wooden,0.0013494501303306808,3
EMERGENCYSTATE_MODE_No,0.015225992514889574,3
EMERGENCYSTATE_MODE_Yes,0.012132096228107795,3
NAME_CONTRACT_TYPE,1.2421019249949459,4
FLAG_OWN_CAR,0.6801751585936565,4
FLAG_OWN_REALTY,0.08606260394560482,4
CNT_CHILDREN,0.04797558386444287,4
AMT_INCOME_TOTAL,0.9990209317265399,4
AMT_CREDIT,1.6361804618333222,4
AMT_ANNUITY,2.659391923319763,4
AMT_GOODS_PRICE,3.7315523556586783,4
REGION_POPULATION_RELATIVE,0.9980529044517037,4
DAYS_BIRTH,4.2936662929313485,4
DAYS_EMPLOYED,3.3337743004673266,4
DAYS_REGISTRATION,1.3104951005276968,4
DAYS_ID_PUBLISH,1.827573146793056,4
OWN_CAR_AGE,1.2112991887418145,4
FLAG_MOBIL,0.0,4
FLAG_EMP_PHONE,0.014822644776847903,4
FLAG_WORK_PHONE,0.42735698463994454,4
FLAG_CONT_MOBILE,0.0019202281072608445,4
FLAG_PHONE,0.21097008631939973,4
FLAG_EMAIL,0.054480327327749094,4
CNT_FAM_MEMBERS,0.17191466933042868,4
REGION_RATING_CLIENT,0.17481651954172175,4
REGION_RATING_CLIENT_W_CITY,0.5343144799994285,4
HOUR_APPR_PROCESS_START,0.6983061413823546,4
REG_REGION_NOT_LIVE_REGION,0.010664222677287335,4
REG_REGION_NOT_WORK_REGION,0.017708793218921576,4
LIVE_REGION_NOT_WORK_REGION,0.007766008515214714,4
REG_CITY_NOT_LIVE_CITY,0.22164126852146024,4
REG_CITY_NOT_WORK_CITY,0.04370182241659205,4
LIVE_CITY_NOT_WORK_CITY,0.03301788205036324,4
EXT_SOURCE_1,6.274090363283023,4
EXT_SOURCE_2,11.844174875585525,4
EXT_SOURCE_3,18.30525156985717,4
APARTMENTS_AVG,0.1927491437698313,4
BASEMENTAREA_AVG,0.16402990619005295,4
YEARS_BEGINEXPLUATATION_AVG,0.2477431715723648,4
YEARS_BUILD_AVG,0.12298815675961905,4
COMMONAREA_AVG,0.18524947973759165,4
ELEVATORS_AVG,0.07454261450677366,4
ENTRANCES_AVG,0.10897173551938112,4
FLOORSMAX_AVG,0.19877240754799227,4
FLOORSMIN_AVG,0.10000979586312762,4
LANDAREA_AVG,0.12796604667767206,4
LIVINGAPARTMENTS_AVG,0.17734283063537234,4
LIVINGAREA_AVG,0.1712396839510687,4
NONLIVINGAPARTMENTS_AVG,0.11417837339275325,4
NONLIVINGAREA_AVG,0.20737896527220542,4
APARTMENTS_MODE,0.2295274975308092,4
BASEMENTAREA_MODE,0.21871659325412887,4
YEARS_BEGINEXPLUATATION_MODE,0.23671172082710365,4
YEARS_BUILD_MODE,0.13204262493220528,4
COMMONAREA_MODE,0.252246641239171,4
ELEVATORS_MODE,0.04589594889412612,4
ENTRANCES_MODE,0.13994508971098368,4
FLOORSMAX_MODE,0.10708574202127141,4
FLOORSMIN_MODE,0.0706661204038179,4
LANDAREA_MODE,0.2803109850073044,4
LIVINGAPARTMENTS_MODE,0.1685900398233465,4
LIVINGAREA_MODE,0.24392739001287783,4
NONLIVINGAPARTMENTS_MODE,0.13024806622025292,4
NONLIVINGAREA_MODE,0.26123514070371334,4
APARTMENTS_MEDI,0.14098680677488637,4
BASEMENTAREA_MEDI,0.13243575589784543,4
YEARS_BEGINEXPLUATATION_MEDI,0.18761120345969765,4
YEARS_BUILD_MEDI,0.10597194890994256,4
COMMONAREA_MEDI,0.1805731908197431,4
ELEVATORS_MEDI,0.04540374166170653,4
ENTRANCES_MEDI,0.0680642181877214,4
FLOORSMAX_MEDI,0.10830769610523372,4
FLOORSMIN_MEDI,0.055417609943213215,4
LANDAREA_MEDI,0.1578749641709627,4
LIVINGAPARTMENTS_MEDI,0.1350201651784292,4
LIVINGAREA_MEDI,0.12231305715337433,4
NONLIVINGAPARTMENTS_MEDI,0.07809061994319727,4
NONLIVINGAREA_MEDI,0.15596161118258,4
TOTALAREA_MODE,0.35004711116864373,4
OBS_30_CNT_SOCIAL_CIRCLE,0.27586369458113386,4
DEF_30_CNT_SOCIAL_CIRCLE,0.4807383663925201,4
OBS_60_CNT_SOCIAL_CIRCLE,0.2814900625417001,4
DEF_60_CNT_SOCIAL_CIRCLE,0.2905550973917352,4
DAYS_LAST_PHONE_CHANGE,1.7290349394303823,4
FLAG_DOCUMENT_2,0.00745272466520312,4
FLAG_DOCUMENT_3,0.7423147046171472,4
FLAG_DOCUMENT_4,0.0,4
FLAG_DOCUMENT_5,0.05456128540356854,4
FLAG_DOCUMENT_6,0.044864424303678756,4
FLAG_DOCUMENT_7,0.0,4
FLAG_DOCUMENT_8,0.038170010859726905,4
FLAG_DOCUMENT_9,0.01381313953952713,4
FLAG_DOCUMENT_10,0.0,4
FLAG_DOCUMENT_11,0.019212351400022563,4
FLAG_DOCUMENT_12,0.0,4
FLAG_DOCUMENT_13,0.1390290637325558,4
FLAG_DOCUMENT_14,0.025808855831340502,4
FLAG_DOCUMENT_15,0.02088305495824296,4
FLAG_DOCUMENT_16,0.20266627111636806,4
FLAG_DOCUMENT_17,0.0,4
FLAG_DOCUMENT_18,0.15065881923195729,4
FLAG_DOCUMENT_19,0.0,4
FLAG_DOCUMENT_20,0.000588540291366461,4
FLAG_DOCUMENT_21,0.0,4
AMT_REQ_CREDIT_BUREAU_HOUR,0.06569470808988329,4
AMT_REQ_CREDIT_BUREAU_DAY,0.11980052321494263,4
AMT_REQ_CREDIT_BUREAU_WEEK,0.1136436186835197,4
AMT_REQ_CREDIT_BUREAU_MON,0.14544071111372772,4
AMT_REQ_CREDIT_BUREAU_QRT,0.497982216996459,4
AMT_REQ_CREDIT_BUREAU_YEAR,0.7371638451368655,4
DAYS_EMPLOYED_ANOM,0.0072173771124055255,4
CREDIT_INCOME_PERCENT,0.9726099863360167,4
ANNUITY_INCOME_PERCENT,1.233117809986858,4
CREDIT_TERM,10.085737331530035,4
DAYS_EMPLOYED_PERCENT,1.3279407138858543,4
CODE_GENDER_F,0.9016482745059735,4
CODE_GENDER_M,0.9479770384495084,4
NAME_TYPE_SUITE_Children,0.05560536742850441,4
NAME_TYPE_SUITE_Family,0.04985033100422423,4
NAME_TYPE_SUITE_Group of people,0.0023559277672826873,4
NAME_TYPE_SUITE_Other_A,0.010005785041976219,4
NAME_TYPE_SUITE_Other_B,0.03592399993808233,4
"NAME_TYPE_SUITE_Spouse, partner",0.10441407856194655,4
NAME_TYPE_SUITE_Unaccompanied,0.13034169705375923,4
NAME_INCOME_TYPE_Businessman,0.0,4
NAME_INCOME_TYPE_Commercial associate,0.04451652549888952,4
NAME_INCOME_TYPE_Pensioner,0.004035391191886809,4
NAME_INCOME_TYPE_State servant,0.125707272446274,4
NAME_INCOME_TYPE_Student,0.0,4
NAME_INCOME_TYPE_Unemployed,0.010455401220626657,4
NAME_INCOME_TYPE_Working,0.27493677937795913,4
NAME_EDUCATION_TYPE_Academic degree,0.014247419554352117,4
NAME_EDUCATION_TYPE_Higher education,1.1122239382057455,4
NAME_EDUCATION_TYPE_Incomplete higher,0.07848335201787973,4
NAME_EDUCATION_TYPE_Lower secondary,0.12671607984846656,4
NAME_EDUCATION_TYPE_Secondary / secondary special,0.42635612642307646,4
NAME_FAMILY_STATUS_Civil marriage,0.035287823459400854,4
NAME_FAMILY_STATUS_Married,0.5411356591831713,4
NAME_FAMILY_STATUS_Separated,0.032373732697108366,4
NAME_FAMILY_STATUS_Single / not married,0.0509695907836317,4
NAME_FAMILY_STATUS_Widow,0.07533371723696922,4
NAME_HOUSING_TYPE_Co-op apartment,0.005246525694750545,4
NAME_HOUSING_TYPE_House / apartment,0.1244710889391105,4
NAME_HOUSING_TYPE_Municipal apartment,0.1589482912099825,4
NAME_HOUSING_TYPE_Office apartment,0.06823481384111767,4
NAME_HOUSING_TYPE_Rented apartment,0.04238606000625029,4
NAME_HOUSING_TYPE_With parents,0.013238832429132865,4
OCCUPATION_TYPE_Accountants,0.20563509133679259,4
OCCUPATION_TYPE_Cleaning staff,0.05854512485430253,4
OCCUPATION_TYPE_Cooking staff,0.006531750374304588,4
OCCUPATION_TYPE_Core staff,0.2538909960117274,4
OCCUPATION_TYPE_Drivers,0.110767065213159,4
OCCUPATION_TYPE_HR staff,0.004253191694350338,4
OCCUPATION_TYPE_High skill tech staff,0.19250653373323093,4
OCCUPATION_TYPE_IT staff,0.0032090324140335406,4
OCCUPATION_TYPE_Laborers,0.08701035758988498,4
OCCUPATION_TYPE_Low-skill Laborers,0.033663707548356625,4
OCCUPATION_TYPE_Managers,0.039989047864347364,4
OCCUPATION_TYPE_Medicine staff,0.07190683200807474,4
OCCUPATION_TYPE_Private service staff,0.018867777630334436,4
OCCUPATION_TYPE_Realty agents,0.0005835838045841897,4
OCCUPATION_TYPE_Sales staff,0.04117566445966439,4
OCCUPATION_TYPE_Secretaries,0.02780049346020005,4
OCCUPATION_TYPE_Security staff,0.006691885132763197,4
OCCUPATION_TYPE_Waiters/barmen staff,0.010744086212516286,4
WEEKDAY_APPR_PROCESS_START_FRIDAY,0.031140719471966345,4
WEEKDAY_APPR_PROCESS_START_MONDAY,0.12294784904382361,4
WEEKDAY_APPR_PROCESS_START_SATURDAY,0.13421744865902477,4
WEEKDAY_APPR_PROCESS_START_SUNDAY,0.050525892886787556,4
WEEKDAY_APPR_PROCESS_START_THURSDAY,0.07056836228529305,4
WEEKDAY_APPR_PROCESS_START_TUESDAY,0.10405260788873025,4
WEEKDAY_APPR_PROCESS_START_WEDNESDAY,0.10389205496076372,4
ORGANIZATION_TYPE_Advertising,0.0021002355447649417,4
ORGANIZATION_TYPE_Agriculture,0.003940437536692727,4
ORGANIZATION_TYPE_Bank,0.062458454923112514,4
ORGANIZATION_TYPE_Business Entity Type 1,0.025620093292978097,4
ORGANIZATION_TYPE_Business Entity Type 2,0.016798959413408455,4
ORGANIZATION_TYPE_Business Entity Type 3,0.1731395308008436,4
ORGANIZATION_TYPE_Cleaning,0.0,4
ORGANIZATION_TYPE_Construction,0.1676958578565273,4
ORGANIZATION_TYPE_Culture,0.008337495842860676,4
ORGANIZATION_TYPE_Electricity,0.0030236596180033444,4
ORGANIZATION_TYPE_Emergency,0.0007231554532863713,4
ORGANIZATION_TYPE_Government,0.03913222120988146,4
ORGANIZATION_TYPE_Hotel,0.015909699892523558,4
ORGANIZATION_TYPE_Housing,0.006593561742807819,4
ORGANIZATION_TYPE_Industry: type 1,0.006294161649343818,4
ORGANIZATION_TYPE_Industry: type 10,0.00434278019770241,4
ORGANIZATION_TYPE_Industry: type 11,0.0007447371572202567,4
ORGANIZATION_TYPE_Industry: type 12,0.045132763545813734,4
ORGANIZATION_TYPE_Industry: type 13,0.0,4
ORGANIZATION_TYPE_Industry: type 2,0.0003382419546749684,4
ORGANIZATION_TYPE_Industry: type 3,0.00948692064558871,4
ORGANIZATION_TYPE_Industry: type 4,0.0018022895566977165,4
ORGANIZATION_TYPE_Industry: type 5,0.005310849705325443,4
ORGANIZATION_TYPE_Industry: type 6,0.0012590080946002194,4
ORGANIZATION_TYPE_Industry: type 7,0.0,4
ORGANIZATION_TYPE_Industry: type 8,0.0004655439122352613,4
ORGANIZATION_TYPE_Industry: type 9,0.18039958645173232,4
ORGANIZATION_TYPE_Insurance,0.030440400997395665,4
ORGANIZATION_TYPE_Kindergarten,0.07735994850856376,4
ORGANIZATION_TYPE_Legal Services,0.021989919865336507,4
ORGANIZATION_TYPE_Medicine,0.05587257243645181,4
ORGANIZATION_TYPE_Military,0.24336137555316414,4
ORGANIZATION_TYPE_Mobile,0.012180457092046628,4
ORGANIZATION_TYPE_Other,0.012263734142810907,4
ORGANIZATION_TYPE_Police,0.11727695638703953,4
ORGANIZATION_TYPE_Postal,0.008634922237965375,4
ORGANIZATION_TYPE_Realtor,0.086048596889714,4
ORGANIZATION_TYPE_Religion,0.0010627742524630065,4
ORGANIZATION_TYPE_Restaurant,0.004548683318283775,4
ORGANIZATION_TYPE_School,0.15016442564994237,4
ORGANIZATION_TYPE_Security,0.012945303245493752,4
ORGANIZATION_TYPE_Security Ministries,0.0487461246793514,4
ORGANIZATION_TYPE_Self-employed,0.26013788266723153,4
ORGANIZATION_TYPE_Services,0.04051043880578874,4
ORGANIZATION_TYPE_Telecom,0.0012737410558192367,4
ORGANIZATION_TYPE_Trade: type 1,0.003413248818919452,4
ORGANIZATION_TYPE_Trade: type 2,0.07636547701652634,4
ORGANIZATION_TYPE_Trade: type 3,0.005163284893414586,4
ORGANIZATION_TYPE_Trade: type 4,0.001960445831329885,4
ORGANIZATION_TYPE_Trade: type 5,0.0,4
ORGANIZATION_TYPE_Trade: type 6,0.009017275430767278,4
ORGANIZATION_TYPE_Trade: type 7,0.008764111675429833,4
ORGANIZATION_TYPE_Transport: type 1,0.0012034308568257778,4
ORGANIZATION_TYPE_Transport: type 2,0.006306779784690722,4
ORGANIZATION_TYPE_Transport: type 3,0.09814884479184201,4
ORGANIZATION_TYPE_Transport: type 4,0.03897387597126388,4
ORGANIZATION_TYPE_University,0.03463718442991204,4
ORGANIZATION_TYPE_XNA,0.0065449327914537106,4
FONDKAPREMONT_MODE_not specified,0.044473773913220126,4
FONDKAPREMONT_MODE_org spec account,0.02247641299235523,4
FONDKAPREMONT_MODE_reg oper account,0.014012898280375883,4
FONDKAPREMONT_MODE_reg oper spec account,0.10435676067200822,4
HOUSETYPE_MODE_block of flats,0.0049956753143389045,4
HOUSETYPE_MODE_specific housing,0.028242109058784787,4
HOUSETYPE_MODE_terraced house,0.009033023334358833,4
WALLSMATERIAL_MODE_Block,0.01946324177845163,4
WALLSMATERIAL_MODE_Mixed,0.005269128392570831,4
WALLSMATERIAL_MODE_Monolithic,0.0038425354493836837,4
WALLSMATERIAL_MODE_Others,0.023757789643498593,4
WALLSMATERIAL_MODE_Panel,0.09163220669056,4
"WALLSMATERIAL_MODE_Stone, brick",0.2909809594769047,4
WALLSMATERIAL_MODE_Wooden,0.006481342288972119,4
EMERGENCYSTATE_MODE_No,0.004932369974798619,4
EMERGENCYSTATE_MODE_Yes,0.012451672797967592,4
NAME_CONTRACT_TYPE,1.0453951349213135,5
FLAG_OWN_CAR,0.7251593103906916,5
FLAG_OWN_REALTY,0.13386469512564433,5
CNT_CHILDREN,0.10671980142327095,5
AMT_INCOME_TOTAL,1.1102321607169,5
AMT_CREDIT,1.8077713842331162,5
AMT_ANNUITY,2.5976240996492908,5
AMT_GOODS_PRICE,3.3935827109726286,5
REGION_POPULATION_RELATIVE,1.2408820671781065,5
DAYS_BIRTH,4.358776243032467,5
DAYS_EMPLOYED,2.9389287999619187,5
DAYS_REGISTRATION,1.367730674106026,5
DAYS_ID_PUBLISH,1.7917378214884037,5
OWN_CAR_AGE,1.0816191180406955,5
FLAG_MOBIL,0.0,5
FLAG_EMP_PHONE,0.008279696176101454,5
FLAG_WORK_PHONE,0.48561471828940533,5
FLAG_CONT_MOBILE,0.010463946414888441,5
FLAG_PHONE,0.14503652153383578,5
FLAG_EMAIL,0.08430289815062704,5
CNT_FAM_MEMBERS,0.2391618086738833,5
REGION_RATING_CLIENT,0.1553889853282118,5
REGION_RATING_CLIENT_W_CITY,0.5882881916049972,5
HOUR_APPR_PROCESS_START,0.8904204155009238,5
REG_REGION_NOT_LIVE_REGION,0.023022341796031714,5
REG_REGION_NOT_WORK_REGION,0.012094718366034582,5
LIVE_REGION_NOT_WORK_REGION,0.03417029471706178,5
REG_CITY_NOT_LIVE_CITY,0.24291222515717437,5
REG_CITY_NOT_WORK_CITY,0.013798130995844527,5
LIVE_CITY_NOT_WORK_CITY,0.03980619541447215,5
EXT_SOURCE_1,5.842203437761052,5
EXT_SOURCE_2,11.074153773791428,5
EXT_SOURCE_3,17.77477955948214,5
APARTMENTS_AVG,0.1699721083183582,5
BASEMENTAREA_AVG,0.1727642006239067,5
YEARS_BEGINEXPLUATATION_AVG,0.15429324714538706,5
YEARS_BUILD_AVG,0.15177323818071164,5
COMMONAREA_AVG,0.12621790352750495,5
ELEVATORS_AVG,0.11358432885643724,5
ENTRANCES_AVG,0.14410840673060749,5
FLOORSMAX_AVG,0.1858036998686489,5
FLOORSMIN_AVG,0.14409782931774942,5
LANDAREA_AVG,0.2216921947835525,5
LIVINGAPARTMENTS_AVG,0.16588823128768643,5
LIVINGAREA_AVG,0.19574322574271924,5
NONLIVINGAPARTMENTS_AVG,0.16216987505583325,5
NONLIVINGAREA_AVG,0.28343099001495464,5
APARTMENTS_MODE,0.2581706829973973,5
BASEMENTAREA_MODE,0.2793119315733955,5
YEARS_BEGINEXPLUATATION_MODE,0.2589188376386327,5
YEARS_BUILD_MODE,0.1488568342944605,5
COMMONAREA_MODE,0.22861665718123358,5
ELEVATORS_MODE,0.047471355081885776,5
ENTRANCES_MODE,0.16252732010183552,5
FLOORSMAX_MODE,0.06057200633752065,5
FLOORSMIN_MODE,0.11173938211774023,5
LANDAREA_MODE,0.31572509028354534,5
LIVINGAPARTMENTS_MODE,0.16993558152300836,5
LIVINGAREA_MODE,0.17165282318945646,5
NONLIVINGAPARTMENTS_MODE,0.1510502503302871,5
NONLIVINGAREA_MODE,0.336481967831987,5
APARTMENTS_MEDI,0.1686491528906996,5
BASEMENTAREA_MEDI,0.1558030205386078,5
YEARS_BEGINEXPLUATATION_MEDI,0.19147111103433437,5
YEARS_BUILD_MEDI,0.07762485731334831,5
COMMONAREA_MEDI,0.14113231055100176,5
ELEVATORS_MEDI,0.07045082854138882,5
ENTRANCES_MEDI,0.08353534753560893,5
FLOORSMAX_MEDI,0.09170937647659948,5
FLOORSMIN_MEDI,0.0795500313622821,5
LANDAREA_MEDI,0.2021815767876913,5
LIVINGAPARTMENTS_MEDI,0.1903305898715865,5
LIVINGAREA_MEDI,0.17642013675739915,5
NONLIVINGAPARTMENTS_MEDI,0.04815454581581517,5
NONLIVINGAREA_MEDI,0.15012305030823672,5
TOTALAREA_MODE,0.45360302145801323,5
OBS_30_CNT_SOCIAL_CIRCLE,0.35935059175023076,5
DEF_30_CNT_SOCIAL_CIRCLE,0.40952681954272957,5
OBS_60_CNT_SOCIAL_CIRCLE,0.389254666419626,5
DEF_60_CNT_SOCIAL_CIRCLE,0.3026723789939065,5
DAYS_LAST_PHONE_CHANGE,1.8118025325774871,5
FLAG_DOCUMENT_2,0.0010085636769966745,5
FLAG_DOCUMENT_3,0.7504580957445937,5
FLAG_DOCUMENT_4,0.0,5
FLAG_DOCUMENT_5,0.06478077689608357,5
FLAG_DOCUMENT_6,0.05214155298544309,5
FLAG_DOCUMENT_7,0.003504206701620426,5
FLAG_DOCUMENT_8,0.04477436258698225,5
FLAG_DOCUMENT_9,0.01615194885165574,5
FLAG_DOCUMENT_10,0.0,5
FLAG_DOCUMENT_11,0.017201934918028277,5
FLAG_DOCUMENT_12,0.0,5
FLAG_DOCUMENT_13,0.12095311953457358,5
FLAG_DOCUMENT_14,0.09047014104834104,5
FLAG_DOCUMENT_15,0.03065321923978099,5
FLAG_DOCUMENT_16,0.18865411634612878,5
FLAG_DOCUMENT_17,0.0,5
FLAG_DOCUMENT_18,0.13938788998524312,5
FLAG_DOCUMENT_19,0.002337477613246773,5
FLAG_DOCUMENT_20,0.001642712305333741,5
FLAG_DOCUMENT_21,0.0004493163714589321,5
AMT_REQ_CREDIT_BUREAU_HOUR,0.038584259995097445,5
AMT_REQ_CREDIT_BUREAU_DAY,0.05615149388512794,5
AMT_REQ_CREDIT_BUREAU_WEEK,0.11849951069628714,5
AMT_REQ_CREDIT_BUREAU_MON,0.25227593067968157,5
AMT_REQ_CREDIT_BUREAU_QRT,0.6836534003115616,5
AMT_REQ_CREDIT_BUREAU_YEAR,0.8117659411874795,5
DAYS_EMPLOYED_ANOM,0.010194530766530405,5
CREDIT_INCOME_PERCENT,0.9484921680376065,5
ANNUITY_INCOME_PERCENT,1.2574806445488669,5
CREDIT_TERM,10.115397142394112,5
DAYS_EMPLOYED_PERCENT,1.363547419423789,5
CODE_GENDER_F,0.834770450173345,5
CODE_GENDER_M,1.0426424564454198,5
NAME_TYPE_SUITE_Children,0.021647861570929294,5
NAME_TYPE_SUITE_Family,0.02751077018752283,5
NAME_TYPE_SUITE_Group of people,0.0006519266408934677,5
NAME_TYPE_SUITE_Other_A,0.01110756471426629,5
NAME_TYPE_SUITE_Other_B,0.007664355902542346,5
"NAME_TYPE_SUITE_Spouse, partner",0.1240441303302803,5
NAME_TYPE_SUITE_Unaccompanied,0.0844381143180432,5
NAME_INCOME_TYPE_Businessman,0.0,5
NAME_INCOME_TYPE_Commercial associate,0.05709077243522846,5
NAME_INCOME_TYPE_Pensioner,0.004671644559877412,5
NAME_INCOME_TYPE_State servant,0.17160678807376745,5
NAME_INCOME_TYPE_Student,0.0,5
NAME_INCOME_TYPE_Unemployed,0.03166985809421482,5
NAME_INCOME_TYPE_Working,0.27766887499646586,5
NAME_EDUCATION_TYPE_Academic degree,0.008018096457396979,5
NAME_EDUCATION_TYPE_Higher education,1.2346868330353724,5
NAME_EDUCATION_TYPE_Incomplete higher,0.05713417344740263,5
NAME_EDUCATION_TYPE_Lower secondary,0.06657318357954603,5
NAME_EDUCATION_TYPE_Secondary / secondary special,0.5250635644489303,5
NAME_FAMILY_STATUS_Civil marriage,0.04332394693793881,5
NAME_FAMILY_STATUS_Married,0.7131588063754162,5
NAME_FAMILY_STATUS_Separated,0.08527909801665287,5
NAME_FAMILY_STATUS_Single / not married,0.0760361795227595,5
NAME_FAMILY_STATUS_Widow,0.1139262126305965,5
NAME_HOUSING_TYPE_Co-op apartment,0.014794137522908696,5
NAME_HOUSING_TYPE_House / apartment,0.12729103699809835,5
NAME_HOUSING_TYPE_Municipal apartment,0.14034748477634906,5
NAME_HOUSING_TYPE_Office apartment,0.08962146096767604,5
NAME_HOUSING_TYPE_Rented apartment,0.03641725003457439,5
NAME_HOUSING_TYPE_With parents,0.03287963142281658,5
OCCUPATION_TYPE_Accountants,0.13684879735720057,5
OCCUPATION_TYPE_Cleaning staff,0.035030281652529534,5
OCCUPATION_TYPE_Cooking staff,0.010019689175996422,5
OCCUPATION_TYPE_Core staff,0.2928690433200131,5
OCCUPATION_TYPE_Drivers,0.07910497992260893,5
OCCUPATION_TYPE_HR staff,0.0031137423800748605,5
OCCUPATION_TYPE_High skill tech staff,0.09390005365851126,5
OCCUPATION_TYPE_IT staff,0.0016378001901388955,5
OCCUPATION_TYPE_Laborers,0.05494077151248213,5
OCCUPATION_TYPE_Low-skill Laborers,0.05424963019648702,5
OCCUPATION_TYPE_Managers,0.05592065826969213,5
OCCUPATION_TYPE_Medicine staff,0.061847105826131184,5
OCCUPATION_TYPE_Private service staff,0.038969234059092785,5
OCCUPATION_TYPE_Realty agents,0.0030332445889956526,5
OCCUPATION_TYPE_Sales staff,0.02755646096740044,5
OCCUPATION_TYPE_Secretaries,0.030737830597530543,5
OCCUPATION_TYPE_Security staff,0.009943568678103882,5
OCCUPATION_TYPE_Waiters/barmen staff,0.045069840368657396,5
WEEKDAY_APPR_PROCESS_START_FRIDAY,0.031737457081020264,5
WEEKDAY_APPR_PROCESS_START_MONDAY,0.10809968605929364,5
WEEKDAY_APPR_PROCESS_START_SATURDAY,0.10376862844112081,5
WEEKDAY_APPR_PROCESS_START_SUNDAY,0.11535658993749431,5
WEEKDAY_APPR_PROCESS_START_THURSDAY,0.03999340368980978,5
WEEKDAY_APPR_PROCESS_START_TUESDAY,0.12871418326551679,5
WEEKDAY_APPR_PROCESS_START_WEDNESDAY,0.1930142190709654,5
ORGANIZATION_TYPE_Advertising,0.013268306500692852,5
ORGANIZATION_TYPE_Agriculture,0.014286743045105434,5
ORGANIZATION_TYPE_Bank,0.07531813167561796,5
ORGANIZATION_TYPE_Business Entity Type 1,0.03381838501784659,5
ORGANIZATION_TYPE_Business Entity Type 2,0.01646425073017055,5
ORGANIZATION_TYPE_Business Entity Type 3,0.1570745877992895,5
ORGANIZATION_TYPE_Cleaning,0.002353693454799403,5
ORGANIZATION_TYPE_Construction,0.15600871806310376,5
ORGANIZATION_TYPE_Culture,0.007583819357013549,5
ORGANIZATION_TYPE_Electricity,0.012441886753384453,5
ORGANIZATION_TYPE_Emergency,0.006474090625490788,5
ORGANIZATION_TYPE_Government,0.04205164116851779,5
ORGANIZATION_TYPE_Hotel,0.04134025143136484,5
ORGANIZATION_TYPE_Housing,0.00964981218682368,5
ORGANIZATION_TYPE_Industry: type 1,0.006294519267352844,5
ORGANIZATION_TYPE_Industry: type 10,0.0017579785586061423,5
ORGANIZATION_TYPE_Industry: type 11,0.009864760634767133,5
ORGANIZATION_TYPE_Industry: type 12,0.014565323637392049,5
ORGANIZATION_TYPE_Industry: type 13,0.0,5
ORGANIZATION_TYPE_Industry: type 2,0.00605546687758196,5
ORGANIZATION_TYPE_Industry: type 3,0.025959946307486846,5
ORGANIZATION_TYPE_Industry: type 4,0.006052134391741202,5
ORGANIZATION_TYPE_Industry: type 5,0.010621420416688699,5
ORGANIZATION_TYPE_Industry: type 6,0.0,5
ORGANIZATION_TYPE_Industry: type 7,0.004682672509579922,5
ORGANIZATION_TYPE_Industry: type 8,0.0,5
ORGANIZATION_TYPE_Industry: type 9,0.15418485342628852,5
ORGANIZATION_TYPE_Insurance,0.014433821045897048,5
ORGANIZATION_TYPE_Kindergarten,0.09013309684683632,5
ORGANIZATION_TYPE_Legal Services,0.03885996568550054,5
ORGANIZATION_TYPE_Medicine,0.05847232810886534,5
ORGANIZATION_TYPE_Military,0.15862943024436812,5
ORGANIZATION_TYPE_Mobile,0.009283045059062345,5
ORGANIZATION_TYPE_Other,0.017519992728916516,5
ORGANIZATION_TYPE_Police,0.044767134458432264,5
ORGANIZATION_TYPE_Postal,0.006470430759561207,5
ORGANIZATION_TYPE_Realtor,0.08369080523047949,5
ORGANIZATION_TYPE_Religion,0.00033500520050590727,5
ORGANIZATION_TYPE_Restaurant,0.028731346524456428,5
ORGANIZATION_TYPE_School,0.12125946384322799,5
ORGANIZATION_TYPE_Security,0.015564311657449243,5
ORGANIZATION_TYPE_Security Ministries,0.14737490625998687,5
ORGANIZATION_TYPE_Self-employed,0.22557544055650455,5
ORGANIZATION_TYPE_Services,0.05718746080255905,5
ORGANIZATION_TYPE_Telecom,0.01840934169851392,5
ORGANIZATION_TYPE_Trade: type 1,0.001785610852938756,5
ORGANIZATION_TYPE_Trade: type 2,0.03876245782287031,5
ORGANIZATION_TYPE_Trade: type 3,0.02683594855571423,5
ORGANIZATION_TYPE_Trade: type 4,0.0027062056479285547,5
ORGANIZATION_TYPE_Trade: type 5,0.0004009958633589371,5
ORGANIZATION_TYPE_Trade: type 6,0.031788568317731566,5
ORGANIZATION_TYPE_Trade: type 7,0.026157364251173085,5
ORGANIZATION_TYPE_Transport: type 1,0.009106695206771669,5
ORGANIZATION_TYPE_Transport: type 2,0.014287385208447068,5
ORGANIZATION_TYPE_Transport: type 3,0.10096915678570566,5
ORGANIZATION_TYPE_Transport: type 4,0.022666110300963552,5
ORGANIZATION_TYPE_University,0.023275730292187543,5
ORGANIZATION_TYPE_XNA,0.01976980039654696,5
FONDKAPREMONT_MODE_not specified,0.05173882901472065,5
FONDKAPREMONT_MODE_org spec account,0.03469863213561276,5
FONDKAPREMONT_MODE_reg oper account,0.04395990393556916,5
FONDKAPREMONT_MODE_reg oper spec account,0.08705192147258398,5
HOUSETYPE_MODE_block of flats,0.009286945579667461,5
HOUSETYPE_MODE_specific housing,0.01773242811039206,5
HOUSETYPE_MODE_terraced house,0.00690653465759811,5
WALLSMATERIAL_MODE_Block,0.050075642118037285,5
WALLSMATERIAL_MODE_Mixed,0.00379423720894722,5
WALLSMATERIAL_MODE_Monolithic,0.012711424701097556,5
WALLSMATERIAL_MODE_Others,0.06942172682206757,5
WALLSMATERIAL_MODE_Panel,0.06622898828709282,5
"WALLSMATERIAL_MODE_Stone, brick",0.21185608368683415,5
WALLSMATERIAL_MODE_Wooden,0.010026891776514155,5
EMERGENCYSTATE_MODE_No,0.00956843239194886,5
EMERGENCYSTATE_MODE_Yes,0.023895159577860946,5
